RouteID,FlightDate,AcftMMS,AcftRegNum,PilotID,RouteDurationMin,RouteName,NoLandings,AirportCode
"6402","10/21/2017 12:00:00 AM","CESSNA 150G","3072S","4","65","3B3-Unkn","1","3B3",
"6402","10/21/2017 12:00:00 AM","CESSNA 150G","3072S","4","65","3B3-Unkn","1","Unkn Dest",
"6399","10/21/2017 12:00:00 AM","CESSNA 150G","3072S","4","109","3B3-KHIE-Unkn","2","Unkn Dest",
"6399","10/21/2017 12:00:00 AM","CESSNA 150G","3072S","4","109","3B3-KHIE-Unkn","2","Unkn Dest",
"6399","10/21/2017 12:00:00 AM","CESSNA 150G","3072S","4","109","3B3-KHIE-Unkn","2","KHIE",
"6399","10/21/2017 12:00:00 AM","CESSNA 150G","3072S","4","109","3B3-KHIE-Unkn","2","3B3",
"6389","10/14/2017 12:00:00 AM","CESSNA 150G","3072S","4","53","3B3","1","3B3",
"6389","10/14/2017 12:00:00 AM","CESSNA 150G","3072S","4","53","3B3","1","3B3",
"6376","10/7/2017 12:00:00 AM","CESSNA 150G","3072S","4","20","3B3","2","3B3",
"6376","10/7/2017 12:00:00 AM","CESSNA 150G","3072S","4","20","3B3","2","3B3",
"6376","10/7/2017 12:00:00 AM","CESSNA 150G","3072S","4","20","3B3","2","3B3",
"6376","10/7/2017 12:00:00 AM","CESSNA 150G","3072S","4","20","3B3","2","3B3",
"6363","10/1/2017 12:00:00 AM","CESSNA 150G","3072S","4","64","3B0-3B3","2","3B0",
"6363","10/1/2017 12:00:00 AM","CESSNA 150G","3072S","4","64","3B0-3B3","2","3B3",
"6363","10/1/2017 12:00:00 AM","CESSNA 150G","3072S","4","64","3B0-3B3","2","3B3",
"6363","10/1/2017 12:00:00 AM","CESSNA 150G","3072S","4","64","3B0-3B3","2","3B0",
"6339","9/24/2017 12:00:00 AM","CESSNA 150G","3072S","4","107","3B3","2","3B3",
"6339","9/24/2017 12:00:00 AM","CESSNA 150G","3072S","4","107","3B3","2","3B3",
"6339","9/24/2017 12:00:00 AM","CESSNA 150G","3072S","4","107","3B3","2","3B3",
"6339","9/24/2017 12:00:00 AM","CESSNA 150G","3072S","4","107","3B3","2","3B3",
"6335","9/16/2017 12:00:00 AM","CESSNA 150G","3072S","4","13","3B3-KFIT","1","3B3",
"6335","9/16/2017 12:00:00 AM","CESSNA 150G","3072S","4","13","3B3-KFIT","1","KFIT",
"6325","9/10/2017 12:00:00 AM","CESSNA 150G","3072S","4","80","0B7-KFIT","1","KFIT",
"6325","9/10/2017 12:00:00 AM","CESSNA 150G","3072S","4","80","0B7-KFIT","1","0B7",
"6318","9/10/2017 12:00:00 AM","CESSNA 150G","3072S","4","102","0B7-KFIT-Unkn","2","Unkn Dest",
"6318","9/10/2017 12:00:00 AM","CESSNA 150G","3072S","4","102","0B7-KFIT-Unkn","2","KFIT",
"6318","9/10/2017 12:00:00 AM","CESSNA 150G","3072S","4","102","0B7-KFIT-Unkn","2","0B7",
"6318","9/10/2017 12:00:00 AM","CESSNA 150G","3072S","4","102","0B7-KFIT-Unkn","2","Unkn Dest",
"6292","9/2/2017 12:00:00 AM","CESSNA 150G","3072S","4","11","3B3-KFIT","1","3B3",
"6292","9/2/2017 12:00:00 AM","CESSNA 150G","3072S","4","11","3B3-KFIT","1","KFIT",
"6204","8/27/2017 12:00:00 AM","CESSNA 150G","3072S","4","43","3B3","1","3B3",
"6204","8/27/2017 12:00:00 AM","CESSNA 150G","3072S","4","43","3B3","1","3B3",
"6179","7/23/2017 12:00:00 AM","CESSNA 150G","3072S","4","1","3B3","1","3B3",
"6179","7/23/2017 12:00:00 AM","CESSNA 150G","3072S","4","1","3B3","1","3B3",
"6174","8/24/2017 12:00:00 AM","CESSNA 150G","3072S","4","19","3B3-Unkn","6","Unkn Dest",
"6174","8/24/2017 12:00:00 AM","CESSNA 150G","3072S","4","19","3B3-Unkn","6","Unkn Dest",
"6174","8/24/2017 12:00:00 AM","CESSNA 150G","3072S","4","19","3B3-Unkn","6","Unkn Dest",
"6174","8/24/2017 12:00:00 AM","CESSNA 150G","3072S","4","19","3B3-Unkn","6","Unkn Dest",
"6174","8/24/2017 12:00:00 AM","CESSNA 150G","3072S","4","19","3B3-Unkn","6","Unkn Dest",
"6174","8/24/2017 12:00:00 AM","CESSNA 150G","3072S","4","19","3B3-Unkn","6","Unkn Dest",
"6174","8/24/2017 12:00:00 AM","CESSNA 150G","3072S","4","19","3B3-Unkn","6","3B3",
"6174","8/24/2017 12:00:00 AM","CESSNA 150G","3072S","4","19","3B3-Unkn","6","Unkn Dest",
"6174","8/24/2017 12:00:00 AM","CESSNA 150G","3072S","4","19","3B3-Unkn","6","Unkn Dest",
"6174","8/24/2017 12:00:00 AM","CESSNA 150G","3072S","4","19","3B3-Unkn","6","Unkn Dest",
"6174","8/24/2017 12:00:00 AM","CESSNA 150G","3072S","4","19","3B3-Unkn","6","3B3",
"6174","8/24/2017 12:00:00 AM","CESSNA 150G","3072S","4","19","3B3-Unkn","6","Unkn Dest",
"6143","8/20/2017 12:00:00 AM","CESSNA 150G","3072S","4","71","3B3-Unkn","2","3B3",
"6143","8/20/2017 12:00:00 AM","CESSNA 150G","3072S","4","71","3B3-Unkn","2","Unkn Dest",
"6143","8/20/2017 12:00:00 AM","CESSNA 150G","3072S","4","71","3B3-Unkn","2","3B3",
"6143","8/20/2017 12:00:00 AM","CESSNA 150G","3072S","4","71","3B3-Unkn","2","3B3",
"6115","8/13/2017 12:00:00 AM","CESSNA 150G","3072S","4","21","3B3-Unkn","1","Unkn Dest",
"6115","8/13/2017 12:00:00 AM","CESSNA 150G","3072S","4","21","3B3-Unkn","1","3B3",
"6098","7/30/2017 12:00:00 AM","CESSNA 150G","3072S","4","117","3B3-KAQW","2","KAQW",
"6098","7/30/2017 12:00:00 AM","CESSNA 150G","3072S","4","117","3B3-KAQW","2","3B3",
"6098","7/30/2017 12:00:00 AM","CESSNA 150G","3072S","4","117","3B3-KAQW","2","KAQW",
"6098","7/30/2017 12:00:00 AM","CESSNA 150G","3072S","4","117","3B3-KAQW","2","3B3",
"6093","7/23/2017 12:00:00 AM","CESSNA 150G","3072S","4","20","3B3-Unkn","2","3B3",
"6093","7/23/2017 12:00:00 AM","CESSNA 150G","3072S","4","20","3B3-Unkn","2","3B3",
"6093","7/23/2017 12:00:00 AM","CESSNA 150G","3072S","4","20","3B3-Unkn","2","3B3",
"6093","7/23/2017 12:00:00 AM","CESSNA 150G","3072S","4","20","3B3-Unkn","2","Unkn Dest",
"6086","7/16/2017 12:00:00 AM","HEAD BALLOONS INC AX8-88B","3082S","4","63","3B3-KMTP-Unkn","3","KMTP",
"6086","7/16/2017 12:00:00 AM","HEAD BALLOONS INC AX8-88B","3082S","4","63","3B3-KMTP-Unkn","3","3B3",
"6086","7/16/2017 12:00:00 AM","HEAD BALLOONS INC AX8-88B","3082S","4","63","3B3-KMTP-Unkn","3","Unkn Dest",
"6086","7/16/2017 12:00:00 AM","HEAD BALLOONS INC AX8-88B","3082S","4","63","3B3-KMTP-Unkn","3","Unkn Dest",
"6086","7/16/2017 12:00:00 AM","HEAD BALLOONS INC AX8-88B","3082S","4","63","3B3-KMTP-Unkn","3","Unkn Dest",
"6086","7/16/2017 12:00:00 AM","HEAD BALLOONS INC AX8-88B","3082S","4","63","3B3-KMTP-Unkn","3","Unkn Dest",
"6082","7/16/2017 12:00:00 AM","HEAD BALLOONS INC AX8-88B","3082S","4","66","3B3-Unkn","1","3B3",
"6082","7/16/2017 12:00:00 AM","HEAD BALLOONS INC AX8-88B","3082S","4","66","3B3-Unkn","1","Unkn Dest",
"6077","7/4/2017 12:00:00 AM","CESSNA 150G","3072S","4","127","0B8-3B3","2","0B8",
"6077","7/4/2017 12:00:00 AM","CESSNA 150G","3072S","4","127","0B8-3B3","2","3B3",
"6077","7/4/2017 12:00:00 AM","CESSNA 150G","3072S","4","127","0B8-3B3","2","0B8",
"6077","7/4/2017 12:00:00 AM","CESSNA 150G","3072S","4","127","0B8-3B3","2","3B3",
"6070","6/25/2017 12:00:00 AM","CESSNA 150G","3072S","4","58","3B3","2","3B3",
"6070","6/25/2017 12:00:00 AM","CESSNA 150G","3072S","4","58","3B3","2","3B3",
"6070","6/25/2017 12:00:00 AM","CESSNA 150G","3072S","4","58","3B3","2","3B3",
"6070","6/25/2017 12:00:00 AM","CESSNA 150G","3072S","4","58","3B3","2","3B3",
"6067","6/23/2017 12:00:00 AM","CESSNA 150G","3072S","4","15","3B3-KFIT","1","3B3",
"6067","6/23/2017 12:00:00 AM","CESSNA 150G","3072S","4","15","3B3-KFIT","1","KFIT",
"6064","6/16/2017 12:00:00 AM","CESSNA 150G","3072S","4","6","KFIT","1","KFIT",
"6064","6/16/2017 12:00:00 AM","CESSNA 150G","3072S","4","6","KFIT","1","KFIT",
"6063","6/15/2017 12:00:00 AM","CESSNA 150G","3072S","4","24","3B3-KFIT","1","KFIT",
"6063","6/15/2017 12:00:00 AM","CESSNA 150G","3072S","4","24","3B3-KFIT","1","3B3",
"6042","5/21/2017 12:00:00 AM","CESSNA 150G","3072S","4","96","3B3-KBAF","2","3B3",
"6042","5/21/2017 12:00:00 AM","CESSNA 150G","3072S","4","96","3B3-KBAF","2","3B3",
"6042","5/21/2017 12:00:00 AM","CESSNA 150G","3072S","4","96","3B3-KBAF","2","KBAF",
"6042","5/21/2017 12:00:00 AM","CESSNA 150G","3072S","4","96","3B3-KBAF","2","KBAF",
"6029","5/4/2017 12:00:00 AM","CESSNA 150G","3072S","4","28","3B3","1","3B3",
"6029","5/4/2017 12:00:00 AM","CESSNA 150G","3072S","4","28","3B3","1","3B3",
"6016","4/30/2017 12:00:00 AM","CESSNA 150G","3072S","4","15","Unkn","1","Unkn Dest",
"6016","4/30/2017 12:00:00 AM","CESSNA 150G","3072S","4","15","Unkn","1","Unkn Dest",
"6006","4/24/2017 12:00:00 AM","CESSNA 150G","3072S","4","56","3B3","1","3B3",
"6006","4/24/2017 12:00:00 AM","CESSNA 150G","3072S","4","56","3B3","1","3B3",
"5991","4/9/2017 12:00:00 AM","CESSNA 150G","3072S","4","69","3B3-KFIT","2","KFIT",
"5991","4/9/2017 12:00:00 AM","CESSNA 150G","3072S","4","69","3B3-KFIT","2","KFIT",
"5991","4/9/2017 12:00:00 AM","CESSNA 150G","3072S","4","69","3B3-KFIT","2","3B3",
"5991","4/9/2017 12:00:00 AM","CESSNA 150G","3072S","4","69","3B3-KFIT","2","3B3",
"5989","4/9/2017 12:00:00 AM","CESSNA 150G","3072S","4","6","3B3","1","3B3",
"5989","4/9/2017 12:00:00 AM","CESSNA 150G","3072S","4","6","3B3","1","3B3",
"5988","4/9/2017 12:00:00 AM","CESSNA 150G","3072S","4","4","3B3","1","3B3",
"5988","4/9/2017 12:00:00 AM","CESSNA 150G","3072S","4","4","3B3","1","3B3",
"5969","3/18/2017 12:00:00 AM","CESSNA 150G","3072S","4","34","3B3","1","3B3",
"5969","3/18/2017 12:00:00 AM","CESSNA 150G","3072S","4","34","3B3","1","3B3",
"5932","2/20/2017 12:00:00 AM","CESSNA 150G","3072S","4","51","3B3","3","3B3",
"5932","2/20/2017 12:00:00 AM","CESSNA 150G","3072S","4","51","3B3","3","3B3",
"5932","2/20/2017 12:00:00 AM","CESSNA 150G","3072S","4","51","3B3","3","3B3",
"5932","2/20/2017 12:00:00 AM","CESSNA 150G","3072S","4","51","3B3","3","3B3",
"5932","2/20/2017 12:00:00 AM","CESSNA 150G","3072S","4","51","3B3","3","3B3",
"5932","2/20/2017 12:00:00 AM","CESSNA 150G","3072S","4","51","3B3","3","3B3",
"5923","2/19/2017 12:00:00 AM","CESSNA 150G","3072S","4","38","3B3-KFIT","3","KFIT",
"5923","2/19/2017 12:00:00 AM","CESSNA 150G","3072S","4","38","3B3-KFIT","3","KFIT",
"5923","2/19/2017 12:00:00 AM","CESSNA 150G","3072S","4","38","3B3-KFIT","3","KFIT",
"5923","2/19/2017 12:00:00 AM","CESSNA 150G","3072S","4","38","3B3-KFIT","3","3B3",
"5923","2/19/2017 12:00:00 AM","CESSNA 150G","3072S","4","38","3B3-KFIT","3","3B3",
"5923","2/19/2017 12:00:00 AM","CESSNA 150G","3072S","4","38","3B3-KFIT","3","KFIT",
"5883","1/15/2017 12:00:00 AM","CESSNA 150G","3072S","4","76","3B3-Unkn","3","Unkn Dest",
"5883","1/15/2017 12:00:00 AM","CESSNA 150G","3072S","4","76","3B3-Unkn","3","3B3",
"5883","1/15/2017 12:00:00 AM","CESSNA 150G","3072S","4","76","3B3-Unkn","3","3B3",
"5883","1/15/2017 12:00:00 AM","CESSNA 150G","3072S","4","76","3B3-Unkn","3","3B3",
"5883","1/15/2017 12:00:00 AM","CESSNA 150G","3072S","4","76","3B3-Unkn","3","3B3",
"5883","1/15/2017 12:00:00 AM","CESSNA 150G","3072S","4","76","3B3-Unkn","3","3B3",
"5858","1/1/2017 12:00:00 AM","CESSNA 150G","3072S","4","16","3B3","3","3B3",
"5858","1/1/2017 12:00:00 AM","CESSNA 150G","3072S","4","16","3B3","3","3B3",
"5858","1/1/2017 12:00:00 AM","CESSNA 150G","3072S","4","16","3B3","3","3B3",
"5858","1/1/2017 12:00:00 AM","CESSNA 150G","3072S","4","16","3B3","3","3B3",
"5858","1/1/2017 12:00:00 AM","CESSNA 150G","3072S","4","16","3B3","3","3B3",
"5858","1/1/2017 12:00:00 AM","CESSNA 150G","3072S","4","16","3B3","3","3B3",
"5856","12/26/2016 12:00:00 AM","CESSNA 150G","3072S","4","7","3B3-Unkn","1","Unkn Dest",
"5856","12/26/2016 12:00:00 AM","CESSNA 150G","3072S","4","7","3B3-Unkn","1","3B3",
"5855","12/26/2016 12:00:00 AM","CESSNA 150G","3072S","4","5","3B3","1","3B3",
"5855","12/26/2016 12:00:00 AM","CESSNA 150G","3072S","4","5","3B3","1","3B3",
"5850","12/11/2016 12:00:00 AM","CESSNA 150G","3072S","4","47","3B3-KBED","2","3B3",
"5850","12/11/2016 12:00:00 AM","CESSNA 150G","3072S","4","47","3B3-KBED","2","KBED",
"5850","12/11/2016 12:00:00 AM","CESSNA 150G","3072S","4","47","3B3-KBED","2","KBED",
"5850","12/11/2016 12:00:00 AM","CESSNA 150G","3072S","4","47","3B3-KBED","2","3B3",
"5845","12/4/2016 12:00:00 AM","CESSNA 150G","3072S","4","138","3B3-7B2","3","3B3",
"5845","12/4/2016 12:00:00 AM","CESSNA 150G","3072S","4","138","3B3-7B2","3","7B2",
"5845","12/4/2016 12:00:00 AM","CESSNA 150G","3072S","4","138","3B3-7B2","3","7B2",
"5845","12/4/2016 12:00:00 AM","CESSNA 150G","3072S","4","138","3B3-7B2","3","3B3",
"5845","12/4/2016 12:00:00 AM","CESSNA 150G","3072S","4","138","3B3-7B2","3","3B3",
"5845","12/4/2016 12:00:00 AM","CESSNA 150G","3072S","4","138","3B3-7B2","3","3B3",
"5840","11/24/2016 12:00:00 AM","CESSNA 150G","3072S","4","43","3B3","1","3B3",
"5840","11/24/2016 12:00:00 AM","CESSNA 150G","3072S","4","43","3B3","1","3B3",
"5834","11/19/2016 12:00:00 AM","CESSNA 150G","3072S","4","24","3B3","1","3B3",
"5834","11/19/2016 12:00:00 AM","CESSNA 150G","3072S","4","24","3B3","1","3B3",
"5831","11/12/2016 12:00:00 AM","CESSNA 150G","3072S","4","136","3B3-KBID","2","KBID",
"5831","11/12/2016 12:00:00 AM","CESSNA 150G","3072S","4","136","3B3-KBID","2","KBID",
"5831","11/12/2016 12:00:00 AM","CESSNA 150G","3072S","4","136","3B3-KBID","2","3B3",
"5831","11/12/2016 12:00:00 AM","CESSNA 150G","3072S","4","136","3B3-KBID","2","3B3",
"5828","11/2/2016 12:00:00 AM","CESSNA 150G","3072S","4","15","3B3","1","3B3",
"5828","11/2/2016 12:00:00 AM","CESSNA 150G","3072S","4","15","3B3","1","3B3",
"5826","11/2/2016 12:00:00 AM","CESSNA 150G","3072S","4","13","3B3-KGDM","1","3B3",
"5826","11/2/2016 12:00:00 AM","CESSNA 150G","3072S","4","13","3B3-KGDM","1","KGDM",
"5824","11/2/2016 12:00:00 AM","CESSNA 150G","3072S","4","7","KGDM-Unkn","1","KGDM",
"5824","11/2/2016 12:00:00 AM","CESSNA 150G","3072S","4","7","KGDM-Unkn","1","Unkn Dest",
"5819","9/3/2016 12:00:00 AM","CESSNA 150G","3072S","4","10","3B3-KFIT","1","3B3",
"5819","9/3/2016 12:00:00 AM","CESSNA 150G","3072S","4","10","3B3-KFIT","1","KFIT",
"5816","10/7/2016 12:00:00 AM","CESSNA 150G","3072S","4","277","3B3-KAUG-KLCI-Unkn","4","Unkn Dest",
"5816","10/7/2016 12:00:00 AM","CESSNA 150G","3072S","4","277","3B3-KAUG-KLCI-Unkn","4","3B3",
"5816","10/7/2016 12:00:00 AM","CESSNA 150G","3072S","4","277","3B3-KAUG-KLCI-Unkn","4","3B3",
"5816","10/7/2016 12:00:00 AM","CESSNA 150G","3072S","4","277","3B3-KAUG-KLCI-Unkn","4","KLCI",
"5816","10/7/2016 12:00:00 AM","CESSNA 150G","3072S","4","277","3B3-KAUG-KLCI-Unkn","4","KLCI",
"5816","10/7/2016 12:00:00 AM","CESSNA 150G","3072S","4","277","3B3-KAUG-KLCI-Unkn","4","KAUG",
"5816","10/7/2016 12:00:00 AM","CESSNA 150G","3072S","4","277","3B3-KAUG-KLCI-Unkn","4","KAUG",
"5816","10/7/2016 12:00:00 AM","CESSNA 150G","3072S","4","277","3B3-KAUG-KLCI-Unkn","4","KLCI",
"5814","10/6/2016 12:00:00 AM","CESSNA 150G","3072S","4","16","3B3","1","3B3",
"5814","10/6/2016 12:00:00 AM","CESSNA 150G","3072S","4","16","3B3","1","3B3",
"5812","9/24/2016 12:00:00 AM","CESSNA 150G","3072S","4","76","3B3","1","3B3",
"5812","9/24/2016 12:00:00 AM","CESSNA 150G","3072S","4","76","3B3","1","3B3",
"5803","9/10/2016 12:00:00 AM","CESSNA 150G","3072S","4","29","KFIT","3","KFIT",
"5803","9/10/2016 12:00:00 AM","CESSNA 150G","3072S","4","29","KFIT","3","KFIT",
"5803","9/10/2016 12:00:00 AM","CESSNA 150G","3072S","4","29","KFIT","3","KFIT",
"5803","9/10/2016 12:00:00 AM","CESSNA 150G","3072S","4","29","KFIT","3","KFIT",
"5803","9/10/2016 12:00:00 AM","CESSNA 150G","3072S","4","29","KFIT","3","KFIT",
"5803","9/10/2016 12:00:00 AM","CESSNA 150G","3072S","4","29","KFIT","3","KFIT",
"5795","8/27/2016 12:00:00 AM","CESSNA 150G","3072S","4","77","3B3-KFIT","2","3B3",
"5795","8/27/2016 12:00:00 AM","CESSNA 150G","3072S","4","77","3B3-KFIT","2","KFIT",
"5795","8/27/2016 12:00:00 AM","CESSNA 150G","3072S","4","77","3B3-KFIT","2","KFIT",
"5795","8/27/2016 12:00:00 AM","CESSNA 150G","3072S","4","77","3B3-KFIT","2","3B3",
"5794","8/27/2016 12:00:00 AM","CESSNA 150G","3072S","4","6","3B3","1","3B3",
"5794","8/27/2016 12:00:00 AM","CESSNA 150G","3072S","4","6","3B3","1","3B3",
"5790","8/7/2016 12:00:00 AM","CESSNA 150G","3072S","4","68","0B5-3B3","2","0B5",
"5790","8/7/2016 12:00:00 AM","CESSNA 150G","3072S","4","68","0B5-3B3","2","3B3",
"5790","8/7/2016 12:00:00 AM","CESSNA 150G","3072S","4","68","0B5-3B3","2","3B3",
"5790","8/7/2016 12:00:00 AM","CESSNA 150G","3072S","4","68","0B5-3B3","2","0B5",
"5779","7/30/2016 12:00:00 AM","CESSNA 150G","3072S","4","14","3B3","2","3B3",
"5779","7/30/2016 12:00:00 AM","CESSNA 150G","3072S","4","14","3B3","2","3B3",
"5779","7/30/2016 12:00:00 AM","CESSNA 150G","3072S","4","14","3B3","2","3B3",
"5779","7/30/2016 12:00:00 AM","CESSNA 150G","3072S","4","14","3B3","2","3B3",
"5758","7/24/2016 12:00:00 AM","CESSNA 150G","3072S","4","15","3B3-Unkn","1","Unkn Dest",
"5758","7/24/2016 12:00:00 AM","CESSNA 150G","3072S","4","15","3B3-Unkn","1","3B3",
"5736","7/21/2016 12:00:00 AM","CESSNA 150G","3072S","4","44","3B3","2","3B3",
"5736","7/21/2016 12:00:00 AM","CESSNA 150G","3072S","4","44","3B3","2","3B3",
"5736","7/21/2016 12:00:00 AM","CESSNA 150G","3072S","4","44","3B3","2","3B3",
"5736","7/21/2016 12:00:00 AM","CESSNA 150G","3072S","4","44","3B3","2","3B3",
"5729","7/17/2016 12:00:00 AM","CESSNA 150G","3072S","4","37","3B3","1","3B3",
"5729","7/17/2016 12:00:00 AM","CESSNA 150G","3072S","4","37","3B3","1","3B3",
"5718","7/16/2016 12:00:00 AM","CESSNA 150G","3072S","4","11","3B3","2","3B3",
"5718","7/16/2016 12:00:00 AM","CESSNA 150G","3072S","4","11","3B3","2","3B3",
"5718","7/16/2016 12:00:00 AM","CESSNA 150G","3072S","4","11","3B3","2","3B3",
"5718","7/16/2016 12:00:00 AM","CESSNA 150G","3072S","4","11","3B3","2","3B3",
"5716","7/16/2016 12:00:00 AM","CESSNA 150G","3072S","4","12","3B3","2","3B3",
"5716","7/16/2016 12:00:00 AM","CESSNA 150G","3072S","4","12","3B3","2","3B3",
"5716","7/16/2016 12:00:00 AM","CESSNA 150G","3072S","4","12","3B3","2","3B3",
"5716","7/16/2016 12:00:00 AM","CESSNA 150G","3072S","4","12","3B3","2","3B3",
"5713","7/16/2016 12:00:00 AM","CESSNA 150G","3072S","4","48","3B3","1","3B3",
"5713","7/16/2016 12:00:00 AM","CESSNA 150G","3072S","4","48","3B3","1","3B3",
"5703","6/22/2016 12:00:00 AM","CESSNA 150G","3072S","4","16","3B3-KFIT","1","KFIT",
"5703","6/22/2016 12:00:00 AM","CESSNA 150G","3072S","4","16","3B3-KFIT","1","3B3",
"5700","6/18/2016 12:00:00 AM","CESSNA 150G","3072S","4","113","4V8-KFIT","2","KFIT",
"5700","6/18/2016 12:00:00 AM","CESSNA 150G","3072S","4","113","4V8-KFIT","2","4V8",
"5700","6/18/2016 12:00:00 AM","CESSNA 150G","3072S","4","113","4V8-KFIT","2","KFIT",
"5700","6/18/2016 12:00:00 AM","CESSNA 150G","3072S","4","113","4V8-KFIT","2","4V8",
"5687","6/4/2016 12:00:00 AM","CESSNA 150G","3072S","4","63","3B3-KWST","2","3B3",
"5687","6/4/2016 12:00:00 AM","CESSNA 150G","3072S","4","63","3B3-KWST","2","KWST",
"5687","6/4/2016 12:00:00 AM","CESSNA 150G","3072S","4","63","3B3-KWST","2","3B3",
"5687","6/4/2016 12:00:00 AM","CESSNA 150G","3072S","4","63","3B3-KWST","2","3B3",
"5686","6/4/2016 12:00:00 AM","CESSNA 150G","3072S","4","6","3B3","1","3B3",
"5686","6/4/2016 12:00:00 AM","CESSNA 150G","3072S","4","6","3B3","1","3B3",
"5682","6/3/2016 12:00:00 AM","CESSNA 150G","3072S","4","4","3B3","1","3B3",
"5682","6/3/2016 12:00:00 AM","CESSNA 150G","3072S","4","4","3B3","1","3B3",
"5681","6/3/2016 12:00:00 AM","CESSNA 150G","3072S","4","6","3B3","1","3B3",
"5681","6/3/2016 12:00:00 AM","CESSNA 150G","3072S","4","6","3B3","1","3B3",
"5665","5/22/2016 12:00:00 AM","CESSNA 150G","3072S","4","25","3B3-KASH","1","3B3",
"5665","5/22/2016 12:00:00 AM","CESSNA 150G","3072S","4","25","3B3-KASH","1","KASH",
"5664","5/22/2016 12:00:00 AM","CESSNA 150G","3072S","4","30","3B3-KASH","1","3B3",
"5664","5/22/2016 12:00:00 AM","CESSNA 150G","3072S","4","30","3B3-KASH","1","KASH",
"5647","5/12/2016 12:00:00 AM","CESSNA 150G","3072S","4","16","3B3","1","3B3",
"5647","5/12/2016 12:00:00 AM","CESSNA 150G","3072S","4","16","3B3","1","3B3",
"5646","5/12/2016 12:00:00 AM","CESSNA 150G","3072S","4","5","3B3","1","3B3",
"5646","5/12/2016 12:00:00 AM","CESSNA 150G","3072S","4","5","3B3","1","3B3",
"5635","4/30/2016 12:00:00 AM","CESSNA 150G","3072S","4","14","3B3-6B6","1","6B6",
"5635","4/30/2016 12:00:00 AM","CESSNA 150G","3072S","4","14","3B3-6B6","1","3B3",
"5625","4/24/2016 12:00:00 AM","CESSNA 150G","3072S","4","38","3B3-KEEN","2","KEEN",
"5625","4/24/2016 12:00:00 AM","CESSNA 150G","3072S","4","38","3B3-KEEN","2","3B3",
"5625","4/24/2016 12:00:00 AM","CESSNA 150G","3072S","4","38","3B3-KEEN","2","3B3",
"5625","4/24/2016 12:00:00 AM","CESSNA 150G","3072S","4","38","3B3-KEEN","2","3B3",
"5622","4/24/2016 12:00:00 AM","CESSNA 150G","3072S","4","54","3B3-KEEN-KGDM","3","3B3",
"5622","4/24/2016 12:00:00 AM","CESSNA 150G","3072S","4","54","3B3-KEEN-KGDM","3","KGDM",
"5622","4/24/2016 12:00:00 AM","CESSNA 150G","3072S","4","54","3B3-KEEN-KGDM","3","KGDM",
"5622","4/24/2016 12:00:00 AM","CESSNA 150G","3072S","4","54","3B3-KEEN-KGDM","3","KEEN",
"5622","4/24/2016 12:00:00 AM","CESSNA 150G","3072S","4","54","3B3-KEEN-KGDM","3","KGDM",
"5622","4/24/2016 12:00:00 AM","CESSNA 150G","3072S","4","54","3B3-KEEN-KGDM","3","KGDM",
"5591","3/27/2016 12:00:00 AM","CESSNA 150G","3072S","4","184","3B3-KCQX-KEWB-KHYA","4","3B3",
"5591","3/27/2016 12:00:00 AM","CESSNA 150G","3072S","4","184","3B3-KCQX-KEWB-KHYA","4","KEWB",
"5591","3/27/2016 12:00:00 AM","CESSNA 150G","3072S","4","184","3B3-KCQX-KEWB-KHYA","4","KCQX",
"5591","3/27/2016 12:00:00 AM","CESSNA 150G","3072S","4","184","3B3-KCQX-KEWB-KHYA","4","KEWB",
"5591","3/27/2016 12:00:00 AM","CESSNA 150G","3072S","4","184","3B3-KCQX-KEWB-KHYA","4","KHYA",
"5591","3/27/2016 12:00:00 AM","CESSNA 150G","3072S","4","184","3B3-KCQX-KEWB-KHYA","4","KHYA",
"5591","3/27/2016 12:00:00 AM","CESSNA 150G","3072S","4","184","3B3-KCQX-KEWB-KHYA","4","KCQX",
"5591","3/27/2016 12:00:00 AM","CESSNA 150G","3072S","4","184","3B3-KCQX-KEWB-KHYA","4","3B3",
"5589","3/26/2016 12:00:00 AM","CESSNA 150G","3072S","4","13","3B3-6B6","1","6B6",
"5589","3/26/2016 12:00:00 AM","CESSNA 150G","3072S","4","13","3B3-6B6","1","3B3",
"5588","3/26/2016 12:00:00 AM","CESSNA 150G","3072S","4","16","6B6-KFIT","1","6B6",
"5588","3/26/2016 12:00:00 AM","CESSNA 150G","3072S","4","16","6B6-KFIT","1","KFIT",
"5587","3/26/2016 12:00:00 AM","CESSNA 150G","3072S","4","28","3B3-KFIT","1","3B3",
"5587","3/26/2016 12:00:00 AM","CESSNA 150G","3072S","4","28","3B3-KFIT","1","KFIT",
"5585","3/26/2016 12:00:00 AM","SCHWEIZER SGS 2-33A","17899","4","41","3B3-Unkn","1","3B3",
"5585","3/26/2016 12:00:00 AM","SCHWEIZER SGS 2-33A","17899","4","41","3B3-Unkn","1","Unkn Dest",
"5584","3/26/2016 12:00:00 AM","SCHWEIZER SGS 2-33A","17899","4","26","3B3","1","3B3",
"5584","3/26/2016 12:00:00 AM","SCHWEIZER SGS 2-33A","17899","4","26","3B3","1","3B3",
"5568","3/19/2016 12:00:00 AM","CESSNA 150G","3072S","4","18","3B3-KGDM","1","3B3",
"5568","3/19/2016 12:00:00 AM","CESSNA 150G","3072S","4","18","3B3-KGDM","1","KGDM",
"5565","3/19/2016 12:00:00 AM","CESSNA 150G","3072S","4","37","3B3-KGDM","1","3B3",
"5565","3/19/2016 12:00:00 AM","CESSNA 150G","3072S","4","37","3B3-KGDM","1","KGDM",
"5480","2/27/2016 12:00:00 AM","CESSNA 150G","3072S","4","11","3B3","1","3B3",
"5480","2/27/2016 12:00:00 AM","CESSNA 150G","3072S","4","11","3B3","1","3B3",
"5474","2/27/2016 12:00:00 AM","CESSNA 150G","3072S","4","23","3B3","1","3B3",
"5474","2/27/2016 12:00:00 AM","CESSNA 150G","3072S","4","23","3B3","1","3B3",
"5361","1/30/2016 12:00:00 AM","CESSNA 150G","3072S","4","5","3B3","1","3B3",
"5361","1/30/2016 12:00:00 AM","CESSNA 150G","3072S","4","5","3B3","1","3B3",
"5360","1/30/2016 12:00:00 AM","CESSNA 150G","3072S","4","5","3B3","1","3B3",
"5360","1/30/2016 12:00:00 AM","CESSNA 150G","3072S","4","5","3B3","1","3B3",
"5359","1/30/2016 12:00:00 AM","CESSNA 150G","3072S","4","5","3B3","1","3B3",
"5359","1/30/2016 12:00:00 AM","CESSNA 150G","3072S","4","5","3B3","1","3B3",
"5358","1/30/2016 12:00:00 AM","CESSNA 150G","3072S","4","6","3B3","1","3B3",
"5358","1/30/2016 12:00:00 AM","CESSNA 150G","3072S","4","6","3B3","1","3B3",
"5348","1/24/2016 12:00:00 AM","CESSNA 150G","3072S","4","41","3B3-KGDM","2","KGDM",
"5348","1/24/2016 12:00:00 AM","CESSNA 150G","3072S","4","41","3B3-KGDM","2","KGDM",
"5348","1/24/2016 12:00:00 AM","CESSNA 150G","3072S","4","41","3B3-KGDM","2","3B3",
"5348","1/24/2016 12:00:00 AM","CESSNA 150G","3072S","4","41","3B3-KGDM","2","3B3",
"5347","1/24/2016 12:00:00 AM","CESSNA 150G","3072S","4","6","3B3","1","3B3",
"5347","1/24/2016 12:00:00 AM","CESSNA 150G","3072S","4","6","3B3","1","3B3",
"5320","1/3/2016 12:00:00 AM","CESSNA 150G","3072S","4","37","3B3-KORH-Unkn","3","Unkn Dest",
"5320","1/3/2016 12:00:00 AM","CESSNA 150G","3072S","4","37","3B3-KORH-Unkn","3","3B3",
"5320","1/3/2016 12:00:00 AM","CESSNA 150G","3072S","4","37","3B3-KORH-Unkn","3","KORH",
"5320","1/3/2016 12:00:00 AM","CESSNA 150G","3072S","4","37","3B3-KORH-Unkn","3","3B3",
"5320","1/3/2016 12:00:00 AM","CESSNA 150G","3072S","4","37","3B3-KORH-Unkn","3","Unkn Dest",
"5320","1/3/2016 12:00:00 AM","CESSNA 150G","3072S","4","37","3B3-KORH-Unkn","3","KORH",
